"Model","RMSE","MAE"
"Ridge",0.0990081453902063,0.0806405264693738
"Lasso",0.0990956347810416,0.0806890853599537
